{"speedingDist":240.112,"speedingDuration":7.730000000,"totalDist":394.400,"totalDuration":20.000000000}